<annotation>
	<folder></folder>
	<filename>BloodImage_00020_jpg.rf.99fba3529dc9448d78f2fcdfd3b7f628.jpg</filename>
	<path>BloodImage_00020_jpg.rf.99fba3529dc9448d78f2fcdfd3b7f628.jpg</path>
	<source>
		<database>roboflow.ai</database>
	</source>
	<size>
		<width>416</width>
		<height>416</height>
		<depth>3</depth>
	</size>
	<segmented>0</segmented>
	<object>
		<name>Platelets</name>
		<pose>Unspecified</pose>
		<truncated>0</truncated>
		<difficult>0</difficult>
		<occluded>0</occluded>
		<bndbox>
			<xmin>274</xmin>
			<xmax>312</xmax>
			<ymin>213</ymin>
			<ymax>253</ymax>
		</bndbox>
	</object>
	<object>
		<name>WBC</name>
		<pose>Unspecified</pose>
		<truncated>0</truncated>
		<difficult>0</difficult>
		<occluded>0</occluded>
		<bndbox>
			<xmin>230</xmin>
			<xmax>310</xmax>
			<ymin>30</ymin>
			<ymax>102</ymax>
		</bndbox>
	</object>
	<object>
		<name>RBC</name>
		<pose>Unspecified</pose>
		<truncated>0</truncated>
		<difficult>0</difficult>
		<occluded>0</occluded>
		<bndbox>
			<xmin>148</xmin>
			<xmax>218</xmax>
			<ymin>239</ymin>
			<ymax>331</ymax>
		</bndbox>
	</object>
	<object>
		<name>RBC</name>
		<pose>Unspecified</pose>
		<truncated>0</truncated>
		<difficult>0</difficult>
		<occluded>0</occluded>
		<bndbox>
			<xmin>264</xmin>
			<xmax>334</xmax>
			<ymin>303</ymin>
			<ymax>395</ymax>
		</bndbox>
	</object>
	<object>
		<name>RBC</name>
		<pose>Unspecified</pose>
		<truncated>0</truncated>
		<difficult>0</difficult>
		<occluded>0</occluded>
		<bndbox>
			<xmin>333</xmin>
			<xmax>403</xmax>
			<ymin>292</ymin>
			<ymax>384</ymax>
		</bndbox>
	</object>
	<object>
		<name>RBC</name>
		<pose>Unspecified</pose>
		<truncated>0</truncated>
		<difficult>0</difficult>
		<occluded>0</occluded>
		<bndbox>
			<xmin>298</xmin>
			<xmax>368</xmax>
			<ymin>146</ymin>
			<ymax>239</ymax>
		</bndbox>
	</object>
	<object>
		<name>RBC</name>
		<pose>Unspecified</pose>
		<truncated>0</truncated>
		<difficult>0</difficult>
		<occluded>0</occluded>
		<bndbox>
			<xmin>312</xmin>
			<xmax>382</xmax>
			<ymin>4</ymin>
			<ymax>97</ymax>
		</bndbox>
	</object>
	<object>
		<name>RBC</name>
		<pose>Unspecified</pose>
		<truncated>0</truncated>
		<difficult>0</difficult>
		<occluded>0</occluded>
		<bndbox>
			<xmin>188</xmin>
			<xmax>258</xmax>
			<ymin>119</ymin>
			<ymax>211</ymax>
		</bndbox>
	</object>
	<object>
		<name>Platelets</name>
		<pose>Unspecified</pose>
		<truncated>0</truncated>
		<difficult>0</difficult>
		<occluded>0</occluded>
		<bndbox>
			<xmin>243</xmin>
			<xmax>265</xmax>
			<ymin>93</ymin>
			<ymax>120</ymax>
		</bndbox>
	</object>
	<object>
		<name>RBC</name>
		<pose>Unspecified</pose>
		<truncated>0</truncated>
		<difficult>0</difficult>
		<occluded>0</occluded>
		<bndbox>
			<xmin>27</xmin>
			<xmax>97</xmax>
			<ymin>84</ymin>
			<ymax>177</ymax>
		</bndbox>
	</object>
	<object>
		<name>RBC</name>
		<pose>Unspecified</pose>
		<truncated>0</truncated>
		<difficult>0</difficult>
		<occluded>0</occluded>
		<bndbox>
			<xmin>2</xmin>
			<xmax>53</xmax>
			<ymin>89</ymin>
			<ymax>177</ymax>
		</bndbox>
	</object>
	<object>
		<name>RBC</name>
		<pose>Unspecified</pose>
		<truncated>0</truncated>
		<difficult>0</difficult>
		<occluded>0</occluded>
		<bndbox>
			<xmin>53</xmin>
			<xmax>123</xmax>
			<ymin>181</ymin>
			<ymax>273</ymax>
		</bndbox>
	</object>
	<object>
		<name>RBC</name>
		<pose>Unspecified</pose>
		<truncated>0</truncated>
		<difficult>0</difficult>
		<occluded>0</occluded>
		<bndbox>
			<xmin>94</xmin>
			<xmax>164</xmax>
			<ymin>113</ymin>
			<ymax>205</ymax>
		</bndbox>
	</object>
	<object>
		<name>RBC</name>
		<pose>Unspecified</pose>
		<truncated>0</truncated>
		<difficult>0</difficult>
		<occluded>0</occluded>
		<bndbox>
			<xmin>95</xmin>
			<xmax>165</xmax>
			<ymin>8</ymin>
			<ymax>100</ymax>
		</bndbox>
	</object>
	<object>
		<name>RBC</name>
		<pose>Unspecified</pose>
		<truncated>0</truncated>
		<difficult>0</difficult>
		<occluded>0</occluded>
		<bndbox>
			<xmin>93</xmin>
			<xmax>163</xmax>
			<ymin>9</ymin>
			<ymax>101</ymax>
		</bndbox>
	</object>
	<object>
		<name>RBC</name>
		<pose>Unspecified</pose>
		<truncated>0</truncated>
		<difficult>0</difficult>
		<occluded>0</occluded>
		<bndbox>
			<xmin>72</xmin>
			<xmax>142</xmax>
			<ymin>289</ymin>
			<ymax>381</ymax>
		</bndbox>
	</object>
	<object>
		<name>RBC</name>
		<pose>Unspecified</pose>
		<truncated>0</truncated>
		<difficult>0</difficult>
		<occluded>0</occluded>
		<bndbox>
			<xmin>300</xmin>
			<xmax>370</xmax>
			<ymin>274</ymin>
			<ymax>366</ymax>
		</bndbox>
	</object>
	<object>
		<name>RBC</name>
		<pose>Unspecified</pose>
		<truncated>0</truncated>
		<difficult>0</difficult>
		<occluded>0</occluded>
		<bndbox>
			<xmin>372</xmin>
			<xmax>417</xmax>
			<ymin>107</ymin>
			<ymax>195</ymax>
		</bndbox>
	</object>
	<object>
		<name>RBC</name>
		<pose>Unspecified</pose>
		<truncated>0</truncated>
		<difficult>0</difficult>
		<occluded>0</occluded>
		<bndbox>
			<xmin>41</xmin>
			<xmax>112</xmax>
			<ymin>2</ymin>
			<ymax>85</ymax>
		</bndbox>
	</object>
	<object>
		<name>RBC</name>
		<pose>Unspecified</pose>
		<truncated>0</truncated>
		<difficult>0</difficult>
		<occluded>0</occluded>
		<bndbox>
			<xmin>2</xmin>
			<xmax>70</xmax>
			<ymin>214</ymin>
			<ymax>306</ymax>
		</bndbox>
	</object>
	<object>
		<name>RBC</name>
		<pose>Unspecified</pose>
		<truncated>0</truncated>
		<difficult>0</difficult>
		<occluded>0</occluded>
		<bndbox>
			<xmin>27</xmin>
			<xmax>98</xmax>
			<ymin>335</ymin>
			<ymax>417</ymax>
		</bndbox>
	</object>
	<object>
		<name>RBC</name>
		<pose>Unspecified</pose>
		<truncated>0</truncated>
		<difficult>0</difficult>
		<occluded>0</occluded>
		<bndbox>
			<xmin>108</xmin>
			<xmax>179</xmax>
			<ymin>335</ymin>
			<ymax>417</ymax>
		</bndbox>
	</object>
	<object>
		<name>Platelets</name>
		<pose>Unspecified</pose>
		<truncated>0</truncated>
		<difficult>0</difficult>
		<occluded>0</occluded>
		<bndbox>
			<xmin>53</xmin>
			<xmax>76</xmax>
			<ymin>278</ymin>
			<ymax>306</ymax>
		</bndbox>
	</object>
</annotation>
