<annotation>
	<folder></folder>
	<filename>BloodImage_00147_jpg.rf.4b47cdcfd9c020c319e7837f4c9d18b4.jpg</filename>
	<path>BloodImage_00147_jpg.rf.4b47cdcfd9c020c319e7837f4c9d18b4.jpg</path>
	<source>
		<database>roboflow.ai</database>
	</source>
	<size>
		<width>416</width>
		<height>416</height>
		<depth>3</depth>
	</size>
	<segmented>0</segmented>
	<object>
		<name>Platelets</name>
		<pose>Unspecified</pose>
		<truncated>0</truncated>
		<difficult>0</difficult>
		<occluded>0</occluded>
		<bndbox>
			<xmin>217</xmin>
			<xmax>257</xmax>
			<ymin>263</ymin>
			<ymax>288</ymax>
		</bndbox>
	</object>
	<object>
		<name>WBC</name>
		<pose>Unspecified</pose>
		<truncated>0</truncated>
		<difficult>0</difficult>
		<occluded>0</occluded>
		<bndbox>
			<xmin>36</xmin>
			<xmax>180</xmax>
			<ymin>83</ymin>
			<ymax>197</ymax>
		</bndbox>
	</object>
</annotation>
