<annotation>
	<folder></folder>
	<filename>BloodImage_00147_jpg.rf.4e28c168a5c3ef8ff9e18c5cb1d7db40.jpg</filename>
	<path>BloodImage_00147_jpg.rf.4e28c168a5c3ef8ff9e18c5cb1d7db40.jpg</path>
	<source>
		<database>roboflow.ai</database>
	</source>
	<size>
		<width>416</width>
		<height>416</height>
		<depth>3</depth>
	</size>
	<segmented>0</segmented>
	<object>
		<name>Platelets</name>
		<pose>Unspecified</pose>
		<truncated>0</truncated>
		<difficult>0</difficult>
		<occluded>0</occluded>
		<bndbox>
			<xmin>214</xmin>
			<xmax>254</xmax>
			<ymin>128</ymin>
			<ymax>154</ymax>
		</bndbox>
	</object>
	<object>
		<name>WBC</name>
		<pose>Unspecified</pose>
		<truncated>0</truncated>
		<difficult>0</difficult>
		<occluded>0</occluded>
		<bndbox>
			<xmin>31</xmin>
			<xmax>177</xmax>
			<ymin>220</ymin>
			<ymax>337</ymax>
		</bndbox>
	</object>
</annotation>
