<annotation>
	<folder></folder>
	<filename>BloodImage_00150_jpg.rf.13edb8b9df2e9ddb94613554995aaf52.jpg</filename>
	<path>BloodImage_00150_jpg.rf.13edb8b9df2e9ddb94613554995aaf52.jpg</path>
	<source>
		<database>roboflow.ai</database>
	</source>
	<size>
		<width>416</width>
		<height>416</height>
		<depth>3</depth>
	</size>
	<segmented>0</segmented>
	<object>
		<name>WBC</name>
		<pose>Unspecified</pose>
		<truncated>0</truncated>
		<difficult>0</difficult>
		<occluded>0</occluded>
		<bndbox>
			<xmin>180</xmin>
			<xmax>265</xmax>
			<ymin>10</ymin>
			<ymax>133</ymax>
		</bndbox>
	</object>
	<object>
		<name>Platelets</name>
		<pose>Unspecified</pose>
		<truncated>0</truncated>
		<difficult>0</difficult>
		<occluded>0</occluded>
		<bndbox>
			<xmin>256</xmin>
			<xmax>272</xmax>
			<ymin>32</ymin>
			<ymax>54</ymax>
		</bndbox>
	</object>
</annotation>
