<annotation>
	<folder></folder>
	<filename>BloodImage_00224_jpg.rf.94fafeb599ad3c1e2801683e51a4f3ea.jpg</filename>
	<path>BloodImage_00224_jpg.rf.94fafeb599ad3c1e2801683e51a4f3ea.jpg</path>
	<source>
		<database>roboflow.ai</database>
	</source>
	<size>
		<width>416</width>
		<height>416</height>
		<depth>3</depth>
	</size>
	<segmented>0</segmented>
	<object>
		<name>WBC</name>
		<pose>Unspecified</pose>
		<truncated>0</truncated>
		<difficult>0</difficult>
		<occluded>0</occluded>
		<bndbox>
			<xmin>151</xmin>
			<xmax>251</xmax>
			<ymin>149</ymin>
			<ymax>299</ymax>
		</bndbox>
	</object>
	<object>
		<name>Platelets</name>
		<pose>Unspecified</pose>
		<truncated>0</truncated>
		<difficult>0</difficult>
		<occluded>0</occluded>
		<bndbox>
			<xmin>190</xmin>
			<xmax>214</xmax>
			<ymin>297</ymin>
			<ymax>337</ymax>
		</bndbox>
	</object>
</annotation>
